20181001T,-39,-39,-39,-39,0
20181002T,-9,-9,-9,-9,0
20181003T,-83,-83,-83,-83,0
20181004T,61,61,61,61,0
20181005T,57,57,57,57,0
20181006T,-65,-65,-65,-65,0
20181007T,1,1,1,1,0
20181008T,73,73,73,73,0
20181009T,-35,-35,-35,-35,0
20181010T,-23,-23,-23,-23,0
20181011T,-117,-117,-117,-117,0
20181012T,57,57,57,57,0
20181013T,31,31,31,31,0
20181014T,-51,-51,-51,-51,0
20181015T,103,103,103,103,0
20181016T,21,21,21,21,0
20181017T,-3,-3,-3,-3,0
20181018T,-81,-81,-81,-81,0
20181019T,25,25,25,25,0
20181020T,69,69,69,69,0
20181021T,-13,-13,-13,-13,0
20181022T,-9,-9,-9,-9,0
20181023T,-7,-7,-7,-7,0
20181024T,11,11,11,11,0
20181025T,-47,-47,-47,-47,0
20181026T,-11,-11,-11,-11,0
20181027T,-45,-45,-45,-45,0
20181028T,67,67,67,67,0
20181029T,-95,-95,-95,-95,0
20181030T,25,25,25,25,0
20181031T,-7,-7,-7,-7,0
20181101T,67,67,67,67,0
20181102T,13,13,13,13,0
20181103T,-37,-37,-37,-37,0
20181104T,3,3,3,3,0
20181105T,-13,-13,-13,-13,0
20181106T,75,75,75,75,0
20181107T,7,7,7,7,0
20181108T,-75,-75,-75,-75,0
20181109T,-65,-65,-65,-65,0
20181110T,57,57,57,57,0
20181111T,-57,-57,-57,-57,0
20181112T,-39,-39,-39,-39,0
20181113T,-75,-75,-75,-75,0
20181114T,-115,-115,-115,-115,0
20181115T,-55,-55,-55,-55,0
20181116T,-59,-59,-59,-59,0
20181117T,-45,-45,-45,-45,0
20181118T,77,77,77,77,0
20181119T,-119,-119,-119,-119,0
20181120T,-103,-103,-103,-103,0
20181121T,107,107,107,107,0
20181122T,-87,-87,-87,-87,0
20181123T,-73,-73,-73,-73,0
20181124T,-105,-105,-105,-105,0
20181125T,63,63,63,63,0
20181126T,-95,-95,-95,-95,0
20181127T,65,65,65,65,0
20181128T,115,115,115,115,0
20181129T,-5,-5,-5,-5,0
20181130T,-105,-105,-105,-105,0
20181201T,105,105,105,105,0
20181202T,-85,-85,-85,-85,0
20181203T,-111,-111,-111,-111,0
20181204T,53,53,53,53,0
20181205T,-109,-109,-109,-109,0
20181206T,-107,-107,-107,-107,0
20181207T,-65,-65,-65,-65,0
20181208T,3,3,3,3,0
20181209T,101,101,101,101,0
20181210T,-95,-95,-95,-95,0
20181211T,-67,-67,-67,-67,0
20181212T,51,51,51,51,0
20181213T,-107,-107,-107,-107,0
20181214T,-81,-81,-81,-81,0
20181215T,-27,-27,-27,-27,0
20181216T,65,65,65,65,0
20181217T,119,119,119,119,0
20181218T,91,91,91,91,0
20181219T,63,63,63,63,0
20181220T,105,105,105,105,0
20181221T,-87,-87,-87,-87,0
20181222T,95,95,95,95,0
20181223T,75,75,75,75,0
20181224T,19,19,19,19,0
20181225T,-109,-109,-109,-109,0
20181226T,23,23,23,23,0
20181227T,-105,-105,-105,-105,0
20181228T,99,99,99,99,0
20181229T,-61,-61,-61,-61,0
20181230T,-25,-25,-25,-25,0
20181231T,-89,-89,-89,-89,0
20190101T,85,85,85,85,0
20190102T,101,101,101,101,0
20190103T,-87,-87,-87,-87,0
20190104T,43,43,43,43,0
20190105T,-13,-13,-13,-13,0
20190106T,107,107,107,107,0
20190107T,-73,-73,-73,-73,0
20190108T,9,9,9,9,0
20190109T,9,9,9,9,0
20190110T,-105,-105,-105,-105,0
20190111T,23,23,23,23,0
20190112T,-23,-23,-23,-23,0
20190113T,-105,-105,-105,-105,0
20190114T,113,113,113,113,0
20190115T,-85,-85,-85,-85,0
20190116T,69,69,69,69,0
20190117T,55,55,55,55,0
20190118T,-73,-73,-73,-73,0
20190119T,105,105,105,105,0
20190120T,-93,-93,-93,-93,0
20190121T,-33,-33,-33,-33,0
20190122T,39,39,39,39,0
20190123T,-47,-47,-47,-47,0
20190124T,21,21,21,21,0
20190125T,-43,-43,-43,-43,0
20190126T,-17,-17,-17,-17,0
20190127T,-73,-73,-73,-73,0
20190128T,-111,-111,-111,-111,0
20190129T,-35,-35,-35,-35,0
20190130T,87,87,87,87,0
20190131T,-95,-95,-95,-95,0
20190201T,49,49,49,49,0
20190202T,41,41,41,41,0
20190203T,-75,-75,-75,-75,0
20190204T,-21,-21,-21,-21,0
20190205T,-35,-35,-35,-35,0
20190206T,-69,-69,-69,-69,0
20190207T,27,27,27,27,0
20190208T,123,123,123,123,0
20190209T,35,35,35,35,0
20190210T,57,57,57,57,0
20190211T,-65,-65,-65,-65,0
20190212T,23,23,23,23,0
20190213T,-29,-29,-29,-29,0
20190214T,-71,-71,-71,-71,0
20190215T,35,35,35,35,0
20190216T,35,35,35,35,0
20190217T,79,79,79,79,0
20190218T,107,107,107,107,0
20190219T,3,3,3,3,0
20190220T,79,79,79,79,0
20190221T,-79,-79,-79,-79,0
20190222T,97,97,97,97,0
20190223T,97,97,97,97,0
20190224T,-111,-111,-111,-111,0
20190225T,97,97,97,97,0
20190226T,7,7,7,7,0
20190227T,-19,-19,-19,-19,0
20190228T,-1,-1,-1,-1,0
20190301T,33,33,33,33,0
20190302T,-41,-41,-41,-41,0
20190303T,-47,-47,-47,-47,0
20190304T,-83,-83,-83,-83,0
20190305T,111,111,111,111,0
20190306T,-9,-9,-9,-9,0
20190307T,27,27,27,27,0
20190308T,-31,-31,-31,-31,0
20190309T,91,91,91,91,0
20190310T,-5,-5,-5,-5,0
20190311T,-39,-39,-39,-39,0
20190312T,77,77,77,77,0
20190313T,-23,-23,-23,-23,0
20190314T,37,37,37,37,0
20190315T,71,71,71,71,0
20190316T,21,21,21,21,0
20190317T,-19,-19,-19,-19,0
20190318T,-47,-47,-47,-47,0
20190319T,33,33,33,33,0
20190320T,47,47,47,47,0
20190321T,-79,-79,-79,-79,0
20190322T,39,39,39,39,0
20190323T,43,43,43,43,0
20190324T,-53,-53,-53,-53,0
20190325T,-79,-79,-79,-79,0
20190326T,7,7,7,7,0
20190327T,113,113,113,113,0
20190328T,-15,-15,-15,-15,0
20190329T,-3,-3,-3,-3,0
20190330T,-9,-9,-9,-9,0
20190331T,43,43,43,43,0
20190401T,53,53,53,53,0
20190402T,115,115,115,115,0
20190403T,-27,-27,-27,-27,0
20190404T,-37,-37,-37,-37,0
20190405T,89,89,89,89,0
20190406T,-45,-45,-45,-45,0
20190407T,69,69,69,69,0
20190408T,-61,-61,-61,-61,0
20190409T,-69,-69,-69,-69,0
20190410T,3,3,3,3,0
20190411T,-103,-103,-103,-103,0
20190412T,63,63,63,63,0
20190413T,-17,-17,-17,-17,0
20190414T,83,83,83,83,0
20190415T,-95,-95,-95,-95,0
20190416T,99,99,99,99,0
20190417T,-13,-13,-13,-13,0
20190418T,53,53,53,53,0
20190419T,-13,-13,-13,-13,0
20190420T,-3,-3,-3,-3,0
20190421T,-99,-99,-99,-99,0
20190422T,31,31,31,31,0
20190423T,-61,-61,-61,-61,0
20190424T,-107,-107,-107,-107,0
20190425T,-109,-109,-109,-109,0
20190426T,35,35,35,35,0
20190427T,61,61,61,61,0
20190428T,-51,-51,-51,-51,0
20190429T,-85,-85,-85,-85,0
20190430T,103,103,103,103,0
20190501T,-39,-39,-39,-39,0
20190502T,25,25,25,25,0
20190503T,65,65,65,65,0
20190504T,-79,-79,-79,-79,0
20190505T,-45,-45,-45,-45,0
20190506T,3,3,3,3,0
20190507T,-63,-63,-63,-63,0
20190508T,5,5,5,5,0
20190509T,-61,-61,-61,-61,0
20190510T,69,69,69,69,0
20190511T,95,95,95,95,0
20190512T,-93,-93,-93,-93,0
20190513T,83,83,83,83,0
20190514T,49,49,49,49,0
20190515T,113,113,113,113,0
20190516T,-51,-51,-51,-51,0
20190517T,-99,-99,-99,-99,0
20190518T,-35,-35,-35,-35,0
20190519T,115,115,115,115,0
20190520T,-75,-75,-75,-75,0
20190521T,59,59,59,59,0
20190522T,-87,-87,-87,-87,0
20190523T,69,69,69,69,0
20190524T,25,25,25,25,0
20190525T,7,7,7,7,0
20190526T,65,65,65,65,0
20190527T,73,73,73,73,0
20190528T,17,17,17,17,0
20190529T,-11,-11,-11,-11,0
20190530T,-99,-99,-99,-99,0
20190531T,107,107,107,107,0
20190601T,-39,-39,-39,-39,0
20190602T,67,67,67,67,0
20190603T,-107,-107,-107,-107,0
20190604T,-85,-85,-85,-85,0
20190605T,69,69,69,69,0
20190606T,15,15,15,15,0
20190607T,99,99,99,99,0
20190608T,-49,-49,-49,-49,0
20190609T,-89,-89,-89,-89,0
20190610T,117,117,117,117,0
20190611T,-39,-39,-39,-39,0
20190612T,61,61,61,61,0
20190613T,-23,-23,-23,-23,0
20190614T,3,3,3,3,0
20190615T,49,49,49,49,0
20190616T,15,15,15,15,0
20190617T,11,11,11,11,0
20190618T,-57,-57,-57,-57,0
20190619T,71,71,71,71,0
20190620T,-65,-65,-65,-65,0
20190621T,29,29,29,29,0
20190622T,75,75,75,75,0
20190623T,-17,-17,-17,-17,0
20190624T,51,51,51,51,0
20190625T,21,21,21,21,0
20190626T,-49,-49,-49,-49,0
20190627T,-111,-111,-111,-111,0
20190628T,97,97,97,97,0
20190629T,57,57,57,57,0
20190630T,-101,-101,-101,-101,0
20190701T,-7,-7,-7,-7,0
20190702T,-33,-33,-33,-33,0
20190703T,81,81,81,81,0
20190704T,-73,-73,-73,-73,0
20190705T,-45,-45,-45,-45,0
20190706T,1,1,1,1,0
20190707T,65,65,65,65,0
20190708T,9,9,9,9,0
20190709T,-47,-47,-47,-47,0
20190710T,-87,-87,-87,-87,0
20190711T,-97,-97,-97,-97,0
20190712T,91,91,91,91,0
20190713T,-83,-83,-83,-83,0
20190714T,-109,-109,-109,-109,0
20190715T,53,53,53,53,0
20190716T,-119,-119,-119,-119,0
20190717T,91,91,91,91,0
20190718T,105,105,105,105,0
20190719T,-27,-27,-27,-27,0
20190720T,91,91,91,91,0
20190721T,-79,-79,-79,-79,0
20190722T,-55,-55,-55,-55,0
20190723T,-91,-91,-91,-91,0
20190724T,45,45,45,45,0
20190725T,3,3,3,3,0
20190726T,55,55,55,55,0
20190727T,-111,-111,-111,-111,0
20190728T,29,29,29,29,0
20190729T,5,5,5,5,0
20190730T,9,9,9,9,0
20190731T,57,57,57,57,0
20190801T,-9,-9,-9,-9,0
20190802T,-29,-29,-29,-29,0
20190803T,29,29,29,29,0
20190804T,-29,-29,-29,-29,0
20190805T,43,43,43,43,0
20190806T,-95,-95,-95,-95,0
20190807T,13,13,13,13,0
20190808T,-33,-33,-33,-33,0
20190809T,-73,-73,-73,-73,0
20190810T,-35,-35,-35,-35,0
20190811T,73,73,73,73,0
20190812T,-51,-51,-51,-51,0
20190813T,-77,-77,-77,-77,0
20190814T,-105,-105,-105,-105,0
20190815T,11,11,11,11,0
20190816T,-51,-51,-51,-51,0
20190817T,-15,-15,-15,-15,0
20190818T,85,85,85,85,0
20190819T,81,81,81,81,0
20190820T,-99,-99,-99,-99,0
20190821T,-99,-99,-99,-99,0
20190822T,87,87,87,87,0
20190823T,83,83,83,83,0
20190824T,-31,-31,-31,-31,0
20190825T,-75,-75,-75,-75,0
20190826T,-9,-9,-9,-9,0
20190827T,-71,-71,-71,-71,0
20190828T,-93,-93,-93,-93,0
20190829T,-65,-65,-65,-65,0
20190830T,45,45,45,45,0
20190831T,-11,-11,-11,-11,0
20190901T,5,5,5,5,0
20190902T,67,67,67,67,0
20190903T,11,11,11,11,0
20190904T,-79,-79,-79,-79,0
20190905T,-45,-45,-45,-45,0
20190906T,-81,-81,-81,-81,0
20190907T,91,91,91,91,0
20190908T,29,29,29,29,0
20190909T,-31,-31,-31,-31,0
20190910T,-79,-79,-79,-79,0
20190911T,-47,-47,-47,-47,0
20190912T,33,33,33,33,0
20190913T,-23,-23,-23,-23,0
20190914T,59,59,59,59,0
20190915T,-17,-17,-17,-17,0
20190916T,-29,-29,-29,-29,0
20190917T,69,69,69,69,0
20190918T,73,73,73,73,0
20190919T,-29,-29,-29,-29,0
20190920T,-43,-43,-43,-43,0
20190921T,-65,-65,-65,-65,0
20190922T,-39,-39,-39,-39,0
20190923T,-81,-81,-81,-81,0
20190924T,-109,-109,-109,-109,0
20190925T,-9,-9,-9,-9,0
20190926T,-63,-63,-63,-63,0
20190927T,93,93,93,93,0
20190928T,-1,-1,-1,-1,0
20190929T,-73,-73,-73,-73,0
20190930T,75,75,75,75,0
20191001T,3,3,3,3,0
20191002T,33,33,33,33,0
20191003T,-53,-53,-53,-53,0
20191004T,69,69,69,69,0
20191005T,-27,-27,-27,-27,0
20191006T,-67,-67,-67,-67,0
20191007T,81,81,81,81,0
20191008T,7,7,7,7,0
20191009T,71,71,71,71,0
20191010T,-55,-55,-55,-55,0
20191011T,-67,-67,-67,-67,0
20191012T,-41,-41,-41,-41,0
20191013T,1,1,1,1,0
20191014T,55,55,55,55,0
20191015T,-61,-61,-61,-61,0
20191016T,-69,-69,-69,-69,0
20191017T,67,67,67,67,0
20191018T,-79,-79,-79,-79,0
20191019T,15,15,15,15,0
20191020T,59,59,59,59,0
20191021T,3,3,3,3,0
20191022T,-75,-75,-75,-75,0
20191023T,-103,-103,-103,-103,0
20191024T,55,55,55,55,0
20191025T,107,107,107,107,0
20191026T,-9,-9,-9,-9,0
20191027T,81,81,81,81,0
20191028T,-43,-43,-43,-43,0
20191029T,21,21,21,21,0
20191030T,-57,-57,-57,-57,0
20191031T,-3,-3,-3,-3,0
20191101T,53,53,53,53,0
20191102T,25,25,25,25,0
20191103T,-41,-41,-41,-41,0
20191104T,65,65,65,65,0
20191105T,29,29,29,29,0
20191106T,25,25,25,25,0
20191107T,-35,-35,-35,-35,0
20191108T,-95,-95,-95,-95,0
20191109T,31,31,31,31,0
20191110T,93,93,93,93,0
20191111T,-89,-89,-89,-89,0
20191112T,19,19,19,19,0
20191113T,25,25,25,25,0
20191114T,-33,-33,-33,-33,0
20191115T,-79,-79,-79,-79,0
20191116T,39,39,39,39,0
20191117T,15,15,15,15,0
20191118T,-93,-93,-93,-93,0
20191119T,-75,-75,-75,-75,0
20191120T,-53,-53,-53,-53,0
20191121T,-105,-105,-105,-105,0
20191122T,-85,-85,-85,-85,0
20191123T,95,95,95,95,0
20191124T,-99,-99,-99,-99,0
20191125T,11,11,11,11,0
20191126T,81,81,81,81,0
20191127T,81,81,81,81,0
20191128T,-11,-11,-11,-11,0
20191129T,71,71,71,71,0
20191130T,-81,-81,-81,-81,0
20191201T,-27,-27,-27,-27,0
20191202T,-49,-49,-49,-49,0
20191203T,-15,-15,-15,-15,0
20191204T,-49,-49,-49,-49,0
20191205T,49,49,49,49,0
20191206T,47,47,47,47,0
20191207T,9,9,9,9,0
20191208T,41,41,41,41,0
20191209T,-79,-79,-79,-79,0
20191210T,-67,-67,-67,-67,0
20191211T,-29,-29,-29,-29,0
20191212T,35,35,35,35,0
20191213T,17,17,17,17,0
20191214T,-79,-79,-79,-79,0
20191215T,27,27,27,27,0
20191216T,-79,-79,-79,-79,0
20191217T,-95,-95,-95,-95,0
20191218T,109,109,109,109,0
20191219T,-31,-31,-31,-31,0
20191220T,25,25,25,25,0
20191221T,-33,-33,-33,-33,0
20191222T,75,75,75,75,0
20191223T,-81,-81,-81,-81,0
20191224T,19,19,19,19,0
20191225T,-61,-61,-61,-61,0
20191226T,-37,-37,-37,-37,0
20191227T,31,31,31,31,0
20191228T,9,9,9,9,0
20191229T,69,69,69,69,0
20191230T,-61,-61,-61,-61,0
20191231T,-73,-73,-73,-73,0
20200101T,53,53,53,53,0
20200102T,-89,-89,-89,-89,0
20200103T,105,105,105,105,0
20200104T,71,71,71,71,0
20200105T,9,9,9,9,0
20200106T,65,65,65,65,0
20200107T,5,5,5,5,0
20200108T,-43,-43,-43,-43,0
20200109T,-35,-35,-35,-35,0
20200110T,73,73,73,73,0
20200111T,-1,-1,-1,-1,0
20200112T,69,69,69,69,0
20200113T,-27,-27,-27,-27,0
20200114T,95,95,95,95,0
20200115T,29,29,29,29,0
20200116T,-45,-45,-45,-45,0
20200117T,79,79,79,79,0
20200118T,-29,-29,-29,-29,0
20200119T,-87,-87,-87,-87,0
20200120T,21,21,21,21,0
20200121T,53,53,53,53,0
20200122T,-33,-33,-33,-33,0
20200123T,-93,-93,-93,-93,0
20200124T,35,35,35,35,0
20200125T,-37,-37,-37,-37,0
20200126T,87,87,87,87,0
20200127T,79,79,79,79,0
20200128T,85,85,85,85,0
20200129T,17,17,17,17,0
20200130T,71,71,71,71,0
20200131T,-77,-77,-77,-77,0
20200201T,47,47,47,47,0
20200202T,35,35,35,35,0
20200203T,-13,-13,-13,-13,0
20200204T,7,7,7,7,0
20200205T,87,87,87,87,0
20200206T,51,51,51,51,0
20200207T,21,21,21,21,0
20200208T,11,11,11,11,0
20200209T,81,81,81,81,0
20200210T,-29,-29,-29,-29,0
20200211T,85,85,85,85,0
20200212T,79,79,79,79,0
20200213T,-31,-31,-31,-31,0
20200214T,77,77,77,77,0
20200215T,-107,-107,-107,-107,0
20200216T,-53,-53,-53,-53,0
20200217T,-43,-43,-43,-43,0
20200218T,107,107,107,107,0
20200219T,-95,-95,-95,-95,0
20200220T,-41,-41,-41,-41,0
20200221T,69,69,69,69,0
20200222T,-39,-39,-39,-39,0
20200223T,77,77,77,77,0
20200224T,-91,-91,-91,-91,0
20200225T,-101,-101,-101,-101,0
20200226T,-89,-89,-89,-89,0
20200227T,79,79,79,79,0
20200228T,-73,-73,-73,-73,0
20200229T,-49,-49,-49,-49,0
20200301T,-43,-43,-43,-43,0
20200302T,89,89,89,89,0
20200303T,-15,-15,-15,-15,0
20200304T,31,31,31,31,0
20200305T,89,89,89,89,0
20200306T,35,35,35,35,0
20200307T,-69,-69,-69,-69,0
20200308T,-105,-105,-105,-105,0
20200309T,-83,-83,-83,-83,0
20200310T,53,53,53,53,0
20200311T,-85,-85,-85,-85,0
20200312T,-99,-99,-99,-99,0
20200313T,87,87,87,87,0
20200314T,-79,-79,-79,-79,0
20200315T,75,75,75,75,0
20200316T,-105,-105,-105,-105,0
20200317T,77,77,77,77,0
20200318T,13,13,13,13,0
20200319T,113,113,113,113,0
20200320T,-43,-43,-43,-43,0
20200321T,39,39,39,39,0
20200322T,-105,-105,-105,-105,0
20200323T,97,97,97,97,0
20200324T,79,79,79,79,0
20200325T,-63,-63,-63,-63,0
20200326T,45,45,45,45,0
20200327T,-59,-59,-59,-59,0
20200328T,-85,-85,-85,-85,0
20200329T,-93,-93,-93,-93,0
20200330T,109,109,109,109,0
20200331T,25,25,25,25,0
20200401T,85,85,85,85,0
20200402T,101,101,101,101,0
20200403T,1,1,1,1,0
20200404T,79,79,79,79,0
20200405T,-75,-75,-75,-75,0
20200406T,95,95,95,95,0
20200407T,-63,-63,-63,-63,0
20200408T,87,87,87,87,0
20200409T,-9,-9,-9,-9,0
20200410T,-101,-101,-101,-101,0
20200411T,-41,-41,-41,-41,0
20200412T,83,83,83,83,0
20200413T,-73,-73,-73,-73,0
20200414T,1,1,1,1,0
20200415T,-91,-91,-91,-91,0
20200416T,109,109,109,109,0
20200417T,-9,-9,-9,-9,0
20200418T,83,83,83,83,0
20200419T,-65,-65,-65,-65,0
20200420T,-107,-107,-107,-107,0
20200421T,-23,-23,-23,-23,0
20200422T,85,85,85,85,0
20200423T,71,71,71,71,0
20200424T,85,85,85,85,0
20200425T,53,53,53,53,0
20200426T,57,57,57,57,0
20200427T,-19,-19,-19,-19,0
20200428T,65,65,65,65,0
20200429T,99,99,99,99,0
20200430T,-83,-83,-83,-83,0
20200501T,87,87,87,87,0
20200502T,43,43,43,43,0
20200503T,-81,-81,-81,-81,0
20200504T,-7,-7,-7,-7,0
20200505T,-41,-41,-41,-41,0
20200506T,1,1,1,1,0
20200507T,61,61,61,61,0
20200508T,15,15,15,15,0
20200509T,-63,-63,-63,-63,0
20200510T,-97,-97,-97,-97,0
20200511T,-57,-57,-57,-57,0
20200512T,91,91,91,91,0
20200513T,63,63,63,63,0
20200514T,27,27,27,27,0
20200515T,-53,-53,-53,-53,0
20200516T,23,23,23,23,0
20200517T,47,47,47,47,0
20200518T,51,51,51,51,0
20200519T,-23,-23,-23,-23,0
20200520T,-39,-39,-39,-39,0
20200521T,-77,-77,-77,-77,0
20200522T,89,89,89,89,0
20200523T,-5,-5,-5,-5,0
20200524T,-91,-91,-91,-91,0
20200525T,85,85,85,85,0
20200526T,-33,-33,-33,-33,0
20200527T,65,65,65,65,0
20200528T,61,61,61,61,0
20200529T,-17,-17,-17,-17,0
20200530T,87,87,87,87,0
20200531T,-91,-91,-91,-91,0
20200601T,91,91,91,91,0
20200602T,-89,-89,-89,-89,0
20200603T,71,71,71,71,0
20200604T,45,45,45,45,0
20200605T,-25,-25,-25,-25,0
20200606T,-1,-1,-1,-1,0
20200607T,3,3,3,3,0
20200608T,7,7,7,7,0
20200609T,45,45,45,45,0
20200610T,31,31,31,31,0
20200611T,-101,-101,-101,-101,0
20200612T,91,91,91,91,0
20200613T,43,43,43,43,0
20200614T,-75,-75,-75,-75,0
20200615T,-49,-49,-49,-49,0
20200616T,51,51,51,51,0
20200617T,1,1,1,1,0
20200618T,-41,-41,-41,-41,0
20200619T,-71,-71,-71,-71,0
20200620T,41,41,41,41,0
20200621T,-13,-13,-13,-13,0
20200622T,71,71,71,71,0
20200623T,23,23,23,23,0
20200624T,-89,-89,-89,-89,0
20200625T,-67,-67,-67,-67,0
20200626T,-57,-57,-57,-57,0
20200627T,-55,-55,-55,-55,0
20200628T,69,69,69,69,0
20200629T,49,49,49,49,0
20200630T,-53,-53,-53,-53,0
20200701T,59,59,59,59,0
20200702T,-17,-17,-17,-17,0
20200703T,-39,-39,-39,-39,0
20200704T,65,65,65,65,0
20200705T,-75,-75,-75,-75,0
20200706T,85,85,85,85,0
20200707T,11,11,11,11,0
20200708T,71,71,71,71,0
20200709T,-29,-29,-29,-29,0
20200710T,-47,-47,-47,-47,0
20200711T,51,51,51,51,0
20200712T,-15,-15,-15,-15,0
20200713T,-23,-23,-23,-23,0
20200714T,7,7,7,7,0
20200715T,-15,-15,-15,-15,0
20200716T,-53,-53,-53,-53,0
20200717T,25,25,25,25,0
20200718T,29,29,29,29,0
20200719T,-5,-5,-5,-5,0
20200720T,-35,-35,-35,-35,0
20200721T,59,59,59,59,0
20200722T,69,69,69,69,0
20200723T,-11,-11,-11,-11,0
20200724T,-55,-55,-55,-55,0
20200725T,45,45,45,45,0
20200726T,-25,-25,-25,-25,0
20200727T,-1,-1,-1,-1,0
20200728T,27,27,27,27,0
20200729T,-9,-9,-9,-9,0
20200730T,23,23,23,23,0
20200731T,23,23,23,23,0
20200801T,63,63,63,63,0
20200802T,-69,-69,-69,-69,0
20200803T,71,71,71,71,0
20200804T,13,13,13,13,0
20200805T,53,53,53,53,0
20200806T,23,23,23,23,0
20200807T,-41,-41,-41,-41,0
20200808T,67,67,67,67,0
20200809T,3,3,3,3,0
20200810T,61,61,61,61,0
20200811T,-79,-79,-79,-79,0
20200812T,105,105,105,105,0
20200813T,47,47,47,47,0
20200814T,-5,-5,-5,-5,0
20200815T,-3,-3,-3,-3,0
20200816T,65,65,65,65,0
20200817T,1,1,1,1,0
20200818T,-57,-57,-57,-57,0
20200819T,-91,-91,-91,-91,0
20200820T,77,77,77,77,0
20200821T,-61,-61,-61,-61,0
20200822T,73,73,73,73,0
20200823T,-23,-23,-23,-23,0
20200824T,55,55,55,55,0
20200825T,-77,-77,-77,-77,0
20200826T,73,73,73,73,0
20200827T,-79,-79,-79,-79,0
20200828T,93,93,93,93,0
20200829T,45,45,45,45,0
20200830T,27,27,27,27,0
20200831T,-11,-11,-11,-11,0
20200901T,21,21,21,21,0
20200902T,-87,-87,-87,-87,0
20200903T,-87,-87,-87,-87,0
20200904T,-1,-1,-1,-1,0
20200905T,-107,-107,-107,-107,0
20200906T,89,89,89,89,0
20200907T,-33,-33,-33,-33,0
20200908T,-67,-67,-67,-67,0
20200909T,91,91,91,91,0
20200910T,45,45,45,45,0
20200911T,13,13,13,13,0
20200912T,43,43,43,43,0
20200913T,-93,-93,-93,-93,0
20200914T,61,61,61,61,0
20200915T,-73,-73,-73,-73,0
20200916T,9,9,9,9,0
20200917T,-17,-17,-17,-17,0
20200918T,-29,-29,-29,-29,0
20200919T,43,43,43,43,0
20200920T,-83,-83,-83,-83,0
20200921T,-87,-87,-87,-87,0
20200922T,23,23,23,23,0
20200923T,-99,-99,-99,-99,0
20200924T,101,101,101,101,0
20200925T,45,45,45,45,0
20200926T,39,39,39,39,0
20200927T,-49,-49,-49,-49,0
20200928T,-15,-15,-15,-15,0
20200929T,39,39,39,39,0
20200930T,-11,-11,-11,-11,0
20201001T,-77,-77,-77,-77,0
20201002T,-85,-85,-85,-85,0
20201003T,-5,-5,-5,-5,0
20201004T,23,23,23,23,0
20201005T,5,5,5,5,0
20201006T,-113,-113,-113,-113,0
20201007T,41,41,41,41,0
20201008T,95,95,95,95,0
20201009T,103,103,103,103,0
20201010T,15,15,15,15,0
20201011T,43,43,43,43,0
20201012T,23,23,23,23,0
20201013T,-57,-57,-57,-57,0
20201014T,-57,-57,-57,-57,0
20201015T,-55,-55,-55,-55,0
20201016T,-81,-81,-81,-81,0
20201017T,41,41,41,41,0
20201018T,49,49,49,49,0
20201019T,-35,-35,-35,-35,0
20201020T,-91,-91,-91,-91,0
20201021T,91,91,91,91,0
20201022T,81,81,81,81,0
20201023T,-35,-35,-35,-35,0
20201024T,27,27,27,27,0
20201025T,-67,-67,-67,-67,0
20201026T,-71,-71,-71,-71,0
20201027T,21,21,21,21,0
20201028T,-97,-97,-97,-97,0
20201029T,-61,-61,-61,-61,0
20201030T,-57,-57,-57,-57,0
20201031T,3,3,3,3,0
20201101T,29,29,29,29,0
20201102T,-93,-93,-93,-93,0
20201103T,-51,-51,-51,-51,0
20201104T,-7,-7,-7,-7,0
20201105T,83,83,83,83,0
20201106T,97,97,97,97,0
20201107T,-87,-87,-87,-87,0
20201108T,95,95,95,95,0
20201109T,-61,-61,-61,-61,0
20201110T,75,75,75,75,0
20201111T,-5,-5,-5,-5,0
20201112T,-61,-61,-61,-61,0
20201113T,85,85,85,85,0
20201114T,-67,-67,-67,-67,0
20201115T,-61,-61,-61,-61,0
20201116T,75,75,75,75,0
20201117T,73,73,73,73,0
20201118T,-65,-65,-65,-65,0
20201119T,-21,-21,-21,-21,0
20201120T,95,95,95,95,0
20201121T,81,81,81,81,0
20201122T,-59,-59,-59,-59,0
20201123T,85,85,85,85,0
20201124T,43,43,43,43,0
20201125T,-71,-71,-71,-71,0
20201126T,-89,-89,-89,-89,0
20201127T,-19,-19,-19,-19,0
20201128T,81,81,81,81,0
20201129T,45,45,45,45,0
20201130T,87,87,87,87,0
20201201T,-79,-79,-79,-79,0
20201202T,99,99,99,99,0
20201203T,27,27,27,27,0
20201204T,-103,-103,-103,-103,0
20201205T,107,107,107,107,0
20201206T,-31,-31,-31,-31,0
20201207T,-43,-43,-43,-43,0
20201208T,-107,-107,-107,-107,0
20201209T,57,57,57,57,0
20201210T,-91,-91,-91,-91,0
20201211T,-83,-83,-83,-83,0
20201212T,99,99,99,99,0
20201213T,71,71,71,71,0
20201214T,-1,-1,-1,-1,0
20201215T,25,25,25,25,0
20201216T,79,79,79,79,0
20201217T,-23,-23,-23,-23,0
20201218T,65,65,65,65,0
20201219T,1,1,1,1,0
20201220T,-67,-67,-67,-67,0
20201221T,-81,-81,-81,-81,0
20201222T,33,33,33,33,0
20201223T,-101,-101,-101,-101,0
20201224T,113,113,113,113,0
20201225T,19,19,19,19,0
20201226T,-3,-3,-3,-3,0
20201227T,31,31,31,31,0
20201228T,71,71,71,71,0
20201229T,-51,-51,-51,-51,0
20201230T,-13,-13,-13,-13,0
20201231T,-3,-3,-3,-3,0
20210101T,43,43,43,43,0
20210102T,-11,-11,-11,-11,0
20210103T,59,59,59,59,0
20210104T,11,11,11,11,0
20210105T,77,77,77,77,0
20210106T,83,83,83,83,0
20210107T,-5,-5,-5,-5,0
20210108T,-27,-27,-27,-27,0
20210109T,75,75,75,75,0
20210110T,-53,-53,-53,-53,0
20210111T,-101,-101,-101,-101,0
20210112T,-29,-29,-29,-29,0
20210113T,105,105,105,105,0
20210114T,23,23,23,23,0
20210115T,-33,-33,-33,-33,0
20210116T,47,47,47,47,0
20210117T,9,9,9,9,0
20210118T,55,55,55,55,0
20210119T,-39,-39,-39,-39,0
20210120T,1,1,1,1,0
20210121T,-111,-111,-111,-111,0
20210122T,107,107,107,107,0
20210123T,21,21,21,21,0
20210124T,53,53,53,53,0
20210125T,-63,-63,-63,-63,0
20210126T,3,3,3,3,0
20210127T,-87,-87,-87,-87,0
20210128T,103,103,103,103,0
20210129T,25,25,25,25,0
20210130T,23,23,23,23,0
20210131T,-47,-47,-47,-47,0
20210201T,77,77,77,77,0
20210202T,55,55,55,55,0
20210203T,79,79,79,79,0
20210204T,-25,-25,-25,-25,0
20210205T,97,97,97,97,0
20210206T,-47,-47,-47,-47,0
20210207T,-25,-25,-25,-25,0
20210208T,97,97,97,97,0
20210209T,93,93,93,93,0
20210210T,25,25,25,25,0
20210211T,73,73,73,73,0
20210212T,79,79,79,79,0
20210213T,9,9,9,9,0
20210214T,-57,-57,-57,-57,0
20210215T,-59,-59,-59,-59,0
20210216T,3,3,3,3,0
20210217T,73,73,73,73,0
20210218T,41,41,41,41,0
20210219T,41,41,41,41,0
20210220T,-37,-37,-37,-37,0
20210221T,53,53,53,53,0
20210222T,-83,-83,-83,-83,0
20210223T,-103,-103,-103,-103,0
20210224T,89,89,89,89,0
20210225T,-97,-97,-97,-97,0
20210226T,-41,-41,-41,-41,0
20210227T,53,53,53,53,0
20210228T,-87,-87,-87,-87,0
20210301T,107,107,107,107,0
20210302T,-37,-37,-37,-37,0
20210303T,85,85,85,85,0
20210304T,-53,-53,-53,-53,0
20210305T,-13,-13,-13,-13,0
20210306T,17,17,17,17,0
20210307T,77,77,77,77,0
20210308T,49,49,49,49,0
20210309T,97,97,97,97,0
20210310T,-55,-55,-55,-55,0
20210311T,5,5,5,5,0
20210312T,-55,-55,-55,-55,0
20210313T,85,85,85,85,0
20210314T,-67,-67,-67,-67,0
20210315T,-43,-43,-43,-43,0
20210316T,39,39,39,39,0
20210317T,63,63,63,63,0
20210318T,-31,-31,-31,-31,0
20210319T,77,77,77,77,0
20210320T,-29,-29,-29,-29,0
20210321T,-29,-29,-29,-29,0
20210322T,-63,-63,-63,-63,0
20210323T,-11,-11,-11,-11,0
20210324T,-81,-81,-81,-81,0
20210325T,-57,-57,-57,-57,0
20210326T,115,115,115,115,0
20210327T,-9,-9,-9,-9,0
20210328T,21,21,21,21,0
20210329T,85,85,85,85,0
20210330T,25,25,25,25,0
20210331T,-5,-5,-5,-5,0
20210401T,37,37,37,37,0
20210402T,59,59,59,59,0
20210403T,-73,-73,-73,-73,0
20210404T,115,115,115,115,0
20210405T,25,25,25,25,0
20210406T,9,9,9,9,0
20210407T,-125,-125,-125,-125,0
20210408T,-125,-125,-125,-125,0
20210409T,-3,-3,-3,-3,0
20210410T,-3,-3,-3,-3,0
20210411T,13,13,13,13,0
20210412T,-41,-41,-41,-41,0
20210413T,25,25,25,25,0
20210414T,13,13,13,13,0
20210415T,77,77,77,77,0
20210416T,-19,-19,-19,-19,0
20210417T,-33,-33,-33,-33,0
20210418T,-99,-99,-99,-99,0
20210419T,-79,-79,-79,-79,0
20210420T,67,67,67,67,0
20210421T,-75,-75,-75,-75,0
20210422T,-93,-93,-93,-93,0
20210423T,-43,-43,-43,-43,0
20210424T,-97,-97,-97,-97,0
20210425T,15,15,15,15,0
20210426T,115,115,115,115,0
20210427T,103,103,103,103,0
20210428T,-61,-61,-61,-61,0
20210429T,-51,-51,-51,-51,0
20210430T,99,99,99,99,0
20210501T,43,43,43,43,0
20210502T,-53,-53,-53,-53,0
20210503T,35,35,35,35,0
20210504T,-93,-93,-93,-93,0
20210505T,107,107,107,107,0
20210506T,-13,-13,-13,-13,0
20210507T,13,13,13,13,0
20210508T,-15,-15,-15,-15,0
20210509T,-33,-33,-33,-33,0
20210510T,-85,-85,-85,-85,0
20210511T,105,105,105,105,0
20210512T,-99,-99,-99,-99,0
20210513T,63,63,63,63,0
20210514T,101,101,101,101,0
20210515T,-97,-97,-97,-97,0
20210516T,-7,-7,-7,-7,0
20210517T,-101,-101,-101,-101,0
20210518T,71,71,71,71,0
20210519T,-119,-119,-119,-119,0
20210520T,113,113,113,113,0
20210521T,-103,-103,-103,-103,0
20210522T,-91,-91,-91,-91,0
20210523T,-119,-119,-119,-119,0
20210524T,115,115,115,115,0
20210525T,-21,-21,-21,-21,0
20210526T,119,119,119,119,0
20210527T,-89,-89,-89,-89,0
20210528T,-101,-101,-101,-101,0
20210529T,-99,-99,-99,-99,0
20210530T,89,89,89,89,0
20210531T,121,121,121,121,0
20210601T,-65,-65,-65,-65,0
20210602T,103,103,103,103,0
20210603T,109,109,109,109,0
20210604T,-101,-101,-101,-101,0
20210605T,-95,-95,-95,-95,0
20210606T,83,83,83,83,0
20210607T,-117,-117,-117,-117,0
20210608T,-35,-35,-35,-35,0
20210609T,101,101,101,101,0
20210610T,-95,-95,-95,-95,0
20210611T,-83,-83,-83,-83,0
20210612T,-53,-53,-53,-53,0
20210613T,105,105,105,105,0
20210614T,89,89,89,89,0
20210615T,-51,-51,-51,-51,0
20210616T,-91,-91,-91,-91,0
20210617T,13,13,13,13,0
20210618T,-107,-107,-107,-107,0
20210619T,-81,-81,-81,-81,0
20210620T,29,29,29,29,0
20210621T,-125,-125,-125,-125,0
20210622T,-53,-53,-53,-53,0
20210623T,105,105,105,105,0
20210624T,71,71,71,71,0
20210625T,-115,-115,-115,-115,0
20210626T,49,49,49,49,0
20210627T,103,103,103,103,0
20210628T,61,61,61,61,0
20210629T,111,111,111,111,0
20210630T,49,49,49,49,0
20210701T,-101,-101,-101,-101,0
20210702T,17,17,17,17,0
20210703T,91,91,91,91,0
20210704T,79,79,79,79,0
20210705T,-85,-85,-85,-85,0
20210706T,77,77,77,77,0
20210707T,-9,-9,-9,-9,0
20210708T,-109,-109,-109,-109,0
20210709T,71,71,71,71,0
20210710T,-79,-79,-79,-79,0
20210711T,101,101,101,101,0
20210712T,-103,-103,-103,-103,0
20210713T,-95,-95,-95,-95,0
20210714T,-15,-15,-15,-15,0
20210715T,-93,-93,-93,-93,0
20210716T,-91,-91,-91,-91,0
20210717T,19,19,19,19,0
20210718T,37,37,37,37,0
20210719T,-115,-115,-115,-115,0
20210720T,-89,-89,-89,-89,0
20210721T,115,115,115,115,0
20210722T,99,99,99,99,0
20210723T,99,99,99,99,0
20210724T,85,85,85,85,0
20210725T,15,15,15,15,0
20210726T,49,49,49,49,0
20210727T,91,91,91,91,0
20210728T,-21,-21,-21,-21,0
20210729T,87,87,87,87,0
20210730T,93,93,93,93,0
20210731T,43,43,43,43,0
20210801T,-65,-65,-65,-65,0
20210802T,39,39,39,39,0
20210803T,-71,-71,-71,-71,0
20210804T,105,105,105,105,0
20210805T,61,61,61,61,0
20210806T,89,89,89,89,0
20210807T,87,87,87,87,0
20210808T,-103,-103,-103,-103,0
20210809T,115,115,115,115,0
20210810T,57,57,57,57,0
20210811T,85,85,85,85,0
20210812T,-75,-75,-75,-75,0
20210813T,111,111,111,111,0
20210814T,-21,-21,-21,-21,0
20210815T,-41,-41,-41,-41,0
20210816T,-53,-53,-53,-53,0
20210817T,-79,-79,-79,-79,0
20210818T,3,3,3,3,0
20210819T,101,101,101,101,0
20210820T,99,99,99,99,0
20210821T,-59,-59,-59,-59,0
20210822T,43,43,43,43,0
20210823T,71,71,71,71,0
20210824T,-113,-113,-113,-113,0
20210825T,125,125,125,125,0
20210826T,-107,-107,-107,-107,0
20210827T,113,113,113,113,0
20210828T,-35,-35,-35,-35,0
20210829T,-23,-23,-23,-23,0
20210830T,-91,-91,-91,-91,0
20210831T,65,65,65,65,0
20210901T,101,101,101,101,0
20210902T,-15,-15,-15,-15,0
20210903T,53,53,53,53,0
20210904T,39,39,39,39,0
20210905T,83,83,83,83,0
20210906T,-31,-31,-31,-31,0
20210907T,-105,-105,-105,-105,0
20210908T,-7,-7,-7,-7,0
20210909T,71,71,71,71,0
20210910T,-89,-89,-89,-89,0
20210911T,65,65,65,65,0
20210912T,75,75,75,75,0
20210913T,-79,-79,-79,-79,0
20210914T,91,91,91,91,0
20210915T,85,85,85,85,0
20210916T,-71,-71,-71,-71,0
20210917T,-101,-101,-101,-101,0
20210918T,85,85,85,85,0
20210919T,-79,-79,-79,-79,0
20210920T,-111,-111,-111,-111,0
20210921T,-101,-101,-101,-101,0
20210922T,115,115,115,115,0
20210923T,87,87,87,87,0
20210924T,-93,-93,-93,-93,0
20210925T,-73,-73,-73,-73,0
20210926T,-31,-31,-31,-31,0
20210927T,-95,-95,-95,-95,0
20210928T,-101,-101,-101,-101,0
20210929T,85,85,85,85,0
20210930T,95,95,95,95,0
20211001T,109,109,109,109,0
20211002T,45,45,45,45,0
20211003T,47,47,47,47,0
20211004T,-73,-73,-73,-73,0
20211005T,67,67,67,67,0
20211006T,-35,-35,-35,-35,0
20211007T,-11,-11,-11,-11,0
20211008T,-5,-5,-5,-5,0
20211009T,57,57,57,57,0
20211010T,-103,-103,-103,-103,0
20211011T,-11,-11,-11,-11,0
20211012T,-71,-71,-71,-71,0
20211013T,81,81,81,81,0
20211014T,25,25,25,25,0
20211015T,-15,-15,-15,-15,0
20211016T,-5,-5,-5,-5,0
20211017T,-55,-55,-55,-55,0
20211018T,-51,-51,-51,-51,0
20211019T,19,19,19,19,0
20211020T,105,105,105,105,0
20211021T,-67,-67,-67,-67,0
20211022T,27,27,27,27,0
20211023T,55,55,55,55,0
20211024T,-69,-69,-69,-69,0
20211025T,97,97,97,97,0
20211026T,-11,-11,-11,-11,0
20211027T,-101,-101,-101,-101,0
20211028T,105,105,105,105,0
20211029T,75,75,75,75,0
20211030T,-31,-31,-31,-31,0
20211031T,11,11,11,11,0
20211101T,19,19,19,19,0
20211102T,89,89,89,89,0
20211103T,11,11,11,11,0
20211104T,-51,-51,-51,-51,0
20211105T,-21,-21,-21,-21,0
20211106T,-7,-7,-7,-7,0
20211107T,61,61,61,61,0
20211108T,47,47,47,47,0
20211109T,-11,-11,-11,-11,0
20211110T,-95,-95,-95,-95,0
20211111T,89,89,89,89,0
20211112T,-81,-81,-81,-81,0
20211113T,49,49,49,49,0
20211114T,-11,-11,-11,-11,0
20211115T,-63,-63,-63,-63,0
20211116T,-93,-93,-93,-93,0
20211117T,35,35,35,35,0
20211118T,-95,-95,-95,-95,0
20211119T,111,111,111,111,0
20211120T,53,53,53,53,0
20211121T,-41,-41,-41,-41,0
20211122T,-89,-89,-89,-89,0
20211123T,77,77,77,77,0
20211124T,-61,-61,-61,-61,0
20211125T,79,79,79,79,0
20211126T,-111,-111,-111,-111,0
20211127T,79,79,79,79,0
20211128T,43,43,43,43,0
20211129T,55,55,55,55,0
20211130T,-49,-49,-49,-49,0
20211201T,-29,-29,-29,-29,0
20211202T,-63,-63,-63,-63,0
20211203T,-95,-95,-95,-95,0
20211204T,-107,-107,-107,-107,0
20211205T,-87,-87,-87,-87,0
20211206T,77,77,77,77,0
20211207T,3,3,3,3,0
20211208T,65,65,65,65,0
20211209T,-103,-103,-103,-103,0
20211210T,-91,-91,-91,-91,0
20211211T,95,95,95,95,0
20211212T,43,43,43,43,0
20211213T,-117,-117,-117,-117,0
20211214T,97,97,97,97,0
20211215T,97,97,97,97,0
20211216T,-67,-67,-67,-67,0
20211217T,-57,-57,-57,-57,0
20211218T,77,77,77,77,0
20211219T,-61,-61,-61,-61,0
20211220T,-59,-59,-59,-59,0
20211221T,105,105,105,105,0
20211222T,49,49,49,49,0
20211223T,113,113,113,113,0
20211224T,-57,-57,-57,-57,0
20211225T,65,65,65,65,0
20211226T,37,37,37,37,0
20211227T,3,3,3,3,0
20211228T,-103,-103,-103,-103,0
20211229T,-81,-81,-81,-81,0
20211230T,95,95,95,95,0
20211231T,-67,-67,-67,-67,0
20220101T,111,111,111,111,0
20220102T,29,29,29,29,0
20220103T,-57,-57,-57,-57,0
20220104T,-39,-39,-39,-39,0
20220105T,-101,-101,-101,-101,0
20220106T,-23,-23,-23,-23,0
20220107T,-101,-101,-101,-101,0
20220108T,-77,-77,-77,-77,0
20220109T,77,77,77,77,0
20220110T,-95,-95,-95,-95,0
20220111T,101,101,101,101,0
20220112T,113,113,113,113,0
20220113T,-97,-97,-97,-97,0
20220114T,83,83,83,83,0
20220115T,41,41,41,41,0
20220116T,-11,-11,-11,-11,0
20220117T,-107,-107,-107,-107,0
20220118T,-55,-55,-55,-55,0
20220119T,-85,-85,-85,-85,0
20220120T,-97,-97,-97,-97,0
20220121T,-111,-111,-111,-111,0
20220122T,-115,-115,-115,-115,0
20220123T,113,113,113,113,0
20220124T,-97,-97,-97,-97,0
20220125T,33,33,33,33,0
20220126T,15,15,15,15,0
20220127T,-43,-43,-43,-43,0
20220128T,81,81,81,81,0
20220129T,87,87,87,87,0
20220130T,-63,-63,-63,-63,0
20220131T,79,79,79,79,0
20220201T,57,57,57,57,0
20220202T,-105,-105,-105,-105,0
20220203T,37,37,37,37,0
20220204T,111,111,111,111,0
20220205T,73,73,73,73,0
20220206T,89,89,89,89,0
20220207T,103,103,103,103,0
20220208T,-67,-67,-67,-67,0
20220209T,71,71,71,71,0
20220210T,-107,-107,-107,-107,0
20220211T,-109,-109,-109,-109,0
20220212T,-9,-9,-9,-9,0
20220213T,-87,-87,-87,-87,0
20220214T,25,25,25,25,0
20220215T,119,119,119,119,0
20220216T,-53,-53,-53,-53,0
20220217T,-117,-117,-117,-117,0
20220218T,-71,-71,-71,-71,0
20220219T,-11,-11,-11,-11,0
20220220T,-117,-117,-117,-117,0
20220221T,-113,-113,-113,-113,0
20220222T,105,105,105,105,0
20220223T,-107,-107,-107,-107,0
20220224T,-27,-27,-27,-27,0
20220225T,111,111,111,111,0
20220226T,21,21,21,21,0
20220227T,-103,-103,-103,-103,0
20220228T,113,113,113,113,0
20220301T,41,41,41,41,0
20220302T,-59,-59,-59,-59,0
20220303T,-77,-77,-77,-77,0
20220304T,-107,-107,-107,-107,0
20220305T,93,93,93,93,0
20220306T,-111,-111,-111,-111,0
20220307T,-59,-59,-59,-59,0
20220308T,83,83,83,83,0
20220309T,111,111,111,111,0
20220310T,-89,-89,-89,-89,0
20220311T,-89,-89,-89,-89,0
20220312T,33,33,33,33,0
20220313T,-93,-93,-93,-93,0
20220314T,103,103,103,103,0
20220315T,-27,-27,-27,-27,0
20220316T,119,119,119,119,0
20220317T,-19,-19,-19,-19,0
20220318T,97,97,97,97,0
20220319T,73,73,73,73,0
20220320T,-83,-83,-83,-83,0
20220321T,45,45,45,45,0
20220322T,81,81,81,81,0
20220323T,89,89,89,89,0
20220324T,67,67,67,67,0
20220325T,-57,-57,-57,-57,0
20220326T,91,91,91,91,0
20220327T,113,113,113,113,0
20220328T,-49,-49,-49,-49,0
20220329T,91,91,91,91,0
20220330T,43,43,43,43,0
20220331T,-71,-71,-71,-71,0
20220401T,101,101,101,101,0
20220402T,-31,-31,-31,-31,0
20220403T,81,81,81,81,0
20220404T,-61,-61,-61,-61,0
20220405T,-109,-109,-109,-109,0
20220406T,-101,-101,-101,-101,0
20220407T,105,105,105,105,0
20220408T,-97,-97,-97,-97,0
20220409T,105,105,105,105,0
20220410T,-93,-93,-93,-93,0
20220411T,-107,-107,-107,-107,0
20220412T,101,101,101,101,0
20220413T,101,101,101,101,0
20220414T,-85,-85,-85,-85,0
20220415T,87,87,87,87,0
20220416T,-17,-17,-17,-17,0
20220417T,-95,-95,-95,-95,0
20220418T,89,89,89,89,0
20220419T,95,95,95,95,0
20220420T,-61,-61,-61,-61,0
20220421T,-91,-91,-91,-91,0
20220422T,-35,-35,-35,-35,0
20220423T,-73,-73,-73,-73,0
20220424T,-71,-71,-71,-71,0
20220425T,21,21,21,21,0
20220426T,-111,-111,-111,-111,0
20220427T,101,101,101,101,0
20220428T,-39,-39,-39,-39,0
20220429T,-109,-109,-109,-109,0
20220430T,-109,-109,-109,-109,0
20220501T,93,93,93,93,0
20220502T,-57,-57,-57,-57,0
20220503T,-69,-69,-69,-69,0
20220504T,115,115,115,115,0
20220505T,-113,-113,-113,-113,0
20220506T,-55,-55,-55,-55,0
20220507T,-107,-107,-107,-107,0
20220508T,-85,-85,-85,-85,0
20220509T,-121,-121,-121,-121,0
20220510T,77,77,77,77,0
20220511T,-111,-111,-111,-111,0
20220512T,-75,-75,-75,-75,0
20220513T,99,99,99,99,0
20220514T,93,93,93,93,0
20220515T,103,103,103,103,0
20220516T,-119,-119,-119,-119,0
20220517T,115,115,115,115,0
20220518T,-117,-117,-117,-117,0
20220519T,117,117,117,117,0
20220520T,-97,-97,-97,-97,0
20220521T,87,87,87,87,0
20220522T,101,101,101,101,0
20220523T,-89,-89,-89,-89,0
20220524T,57,57,57,57,0
20220525T,-79,-79,-79,-79,0
20220526T,-105,-105,-105,-105,0
20220527T,-93,-93,-93,-93,0
20220528T,103,103,103,103,0
20220529T,89,89,89,89,0
20220530T,111,111,111,111,0
20220531T,-39,-39,-39,-39,0
20220601T,-113,-113,-113,-113,0
20220602T,99,99,99,99,0
20220603T,-113,-113,-113,-113,0
20220604T,63,63,63,63,0
20220605T,-23,-23,-23,-23,0
20220606T,101,101,101,101,0
20220607T,-77,-77,-77,-77,0
20220608T,-77,-77,-77,-77,0
20220609T,-27,-27,-27,-27,0
20220610T,-115,-115,-115,-115,0
20220611T,-107,-107,-107,-107,0
20220612T,-99,-99,-99,-99,0
20220613T,-107,-107,-107,-107,0
20220614T,37,37,37,37,0
20220615T,103,103,103,103,0
20220616T,-121,-121,-121,-121,0
20220617T,103,103,103,103,0
20220618T,-97,-97,-97,-97,0
20220619T,119,119,119,119,0
20220620T,79,79,79,79,0
20220621T,57,57,57,57,0
20220622T,-87,-87,-87,-87,0
20220623T,115,115,115,115,0
20220624T,99,99,99,99,0
20220625T,29,29,29,29,0
20220626T,-97,-97,-97,-97,0
20220627T,-11,-11,-11,-11,0
20220628T,-101,-101,-101,-101,0
20220629T,-63,-63,-63,-63,0
20220630T,-59,-59,-59,-59,0
20220701T,-59,-59,-59,-59,0
20220702T,39,39,39,39,0
20220703T,19,19,19,19,0
20220704T,109,109,109,109,0
20220705T,-79,-79,-79,-79,0
20220706T,91,91,91,91,0
20220707T,107,107,107,107,0
20220708T,-71,-71,-71,-71,0
20220709T,79,79,79,79,0
20220710T,-89,-89,-89,-89,0
20220711T,-113,-113,-113,-113,0
20220712T,-93,-93,-93,-93,0
20220713T,121,121,121,121,0
20220714T,93,93,93,93,0
20220715T,51,51,51,51,0
20220716T,107,107,107,107,0
20220717T,-67,-67,-67,-67,0
20220718T,115,115,115,115,0
20220719T,65,65,65,65,0
20220720T,-109,-109,-109,-109,0
20220721T,95,95,95,95,0
20220722T,-77,-77,-77,-77,0
20220723T,5,5,5,5,0
20220724T,-7,-7,-7,-7,0
20220725T,-113,-113,-113,-113,0
20220726T,1,1,1,1,0
20220727T,113,113,113,113,0
20220728T,107,107,107,107,0
20220729T,-1,-1,-1,-1,0
20220730T,3,3,3,3,0
20220731T,-47,-47,-47,-47,0
20220801T,17,17,17,17,0
20220802T,-73,-73,-73,-73,0
20220803T,-19,-19,-19,-19,0
20220804T,47,47,47,47,0
20220805T,113,113,113,113,0
20220806T,-65,-65,-65,-65,0
20220807T,39,39,39,39,0
20220808T,91,91,91,91,0
20220809T,-93,-93,-93,-93,0
20220810T,109,109,109,109,0
20220811T,-41,-41,-41,-41,0
20220812T,101,101,101,101,0
20220813T,-37,-37,-37,-37,0
20220814T,-89,-89,-89,-89,0
20220815T,-63,-63,-63,-63,0
20220816T,-61,-61,-61,-61,0
20220817T,-93,-93,-93,-93,0
20220818T,-101,-101,-101,-101,0
20220819T,-105,-105,-105,-105,0
20220820T,-9,-9,-9,-9,0
20220821T,107,107,107,107,0
20220822T,-65,-65,-65,-65,0
20220823T,85,85,85,85,0
20220824T,-43,-43,-43,-43,0
20220825T,59,59,59,59,0
20220826T,-113,-113,-113,-113,0
20220827T,21,21,21,21,0
20220828T,-97,-97,-97,-97,0
20220829T,119,119,119,119,0
20220830T,-95,-95,-95,-95,0
20220831T,23,23,23,23,0
20220901T,45,45,45,45,0
20220902T,-41,-41,-41,-41,0
20220903T,-17,-17,-17,-17,0
20220904T,85,85,85,85,0
20220905T,-31,-31,-31,-31,0
20220906T,-115,-115,-115,-115,0
20220907T,107,107,107,107,0
20220908T,45,45,45,45,0
20220909T,111,111,111,111,0
20220910T,39,39,39,39,0
20220911T,-35,-35,-35,-35,0
20220912T,-39,-39,-39,-39,0
20220913T,-107,-107,-107,-107,0
20220914T,71,71,71,71,0
20220915T,-95,-95,-95,-95,0
20220916T,37,37,37,37,0
20220917T,97,97,97,97,0
20220918T,-113,-113,-113,-113,0
20220919T,85,85,85,85,0
20220920T,-75,-75,-75,-75,0
20220921T,-75,-75,-75,-75,0
20220922T,103,103,103,103,0
20220923T,31,31,31,31,0
20220924T,-87,-87,-87,-87,0
20220925T,-79,-79,-79,-79,0
20220926T,69,69,69,69,0
20220927T,-51,-51,-51,-51,0
20220928T,-1,-1,-1,-1,0
20220929T,57,57,57,57,0
20220930T,-77,-77,-77,-77,0
20221001T,-63,-63,-63,-63,0
20221002T,-89,-89,-89,-89,0
20221003T,99,99,99,99,0
20221004T,103,103,103,103,0
20221005T,-69,-69,-69,-69,0
20221006T,-61,-61,-61,-61,0
20221007T,-25,-25,-25,-25,0
20221008T,-65,-65,-65,-65,0
20221009T,75,75,75,75,0
20221010T,-99,-99,-99,-99,0
20221011T,-67,-67,-67,-67,0
20221012T,23,23,23,23,0
20221013T,-53,-53,-53,-53,0
20221014T,-41,-41,-41,-41,0
20221015T,-21,-21,-21,-21,0
20221016T,83,83,83,83,0
20221017T,99,99,99,99,0
20221018T,-75,-75,-75,-75,0
20221019T,-97,-97,-97,-97,0
20221020T,-47,-47,-47,-47,0
20221021T,47,47,47,47,0
20221022T,15,15,15,15,0
20221023T,99,99,99,99,0
20221024T,-95,-95,-95,-95,0
20221025T,105,105,105,105,0
20221026T,97,97,97,97,0
20221027T,-97,-97,-97,-97,0
20221028T,89,89,89,89,0
20221029T,51,51,51,51,0
20221030T,-49,-49,-49,-49,0
20221031T,-21,-21,-21,-21,0
20221101T,-57,-57,-57,-57,0
20221102T,-79,-79,-79,-79,0
20221103T,81,81,81,81,0
20221104T,109,109,109,109,0
20221105T,-19,-19,-19,-19,0
20221106T,-117,-117,-117,-117,0
20221107T,5,5,5,5,0
20221108T,-117,-117,-117,-117,0
20221109T,-115,-115,-115,-115,0
20221110T,115,115,115,115,0
20221111T,-93,-93,-93,-93,0
20221112T,-95,-95,-95,-95,0
20221113T,-71,-71,-71,-71,0
20221114T,63,63,63,63,0
20221115T,73,73,73,73,0
20221116T,-79,-79,-79,-79,0
20221117T,-43,-43,-43,-43,0
20221118T,63,63,63,63,0
20221119T,29,29,29,29,0
20221120T,-111,-111,-111,-111,0
20221121T,-65,-65,-65,-65,0
20221122T,89,89,89,89,0
20221123T,113,113,113,113,0
20221124T,-15,-15,-15,-15,0
20221125T,-37,-37,-37,-37,0
20221126T,-5,-5,-5,-5,0
20221127T,-31,-31,-31,-31,0
20221128T,-89,-89,-89,-89,0
20221129T,79,79,79,79,0
20221130T,103,103,103,103,0
20221201T,-61,-61,-61,-61,0
20221202T,85,85,85,85,0
20221203T,-111,-111,-111,-111,0
20221204T,97,97,97,97,0
20221205T,-53,-53,-53,-53,0
20221206T,5,5,5,5,0
20221207T,-105,-105,-105,-105,0
20221208T,109,109,109,109,0
20221209T,-61,-61,-61,-61,0
20221210T,31,31,31,31,0
20221211T,-81,-81,-81,-81,0
20221212T,-29,-29,-29,-29,0
20221213T,55,55,55,55,0
20221214T,-53,-53,-53,-53,0
20221215T,-79,-79,-79,-79,0
20221216T,-107,-107,-107,-107,0
20221217T,65,65,65,65,0
20221218T,-53,-53,-53,-53,0
20221219T,-109,-109,-109,-109,0
20221220T,107,107,107,107,0
20221221T,-77,-77,-77,-77,0
20221222T,37,37,37,37,0
20221223T,-13,-13,-13,-13,0
20221224T,-11,-11,-11,-11,0
20221225T,-59,-59,-59,-59,0
20221226T,57,57,57,57,0
20221227T,-71,-71,-71,-71,0
20221228T,-105,-105,-105,-105,0
20221229T,1,1,1,1,0
20221230T,-55,-55,-55,-55,0
20221231T,3,3,3,3,0
20230101T,69,69,69,69,0
20230102T,95,95,95,95,0
20230103T,-13,-13,-13,-13,0
20230104T,99,99,99,99,0
20230105T,-71,-71,-71,-71,0
20230106T,67,67,67,67,0
20230107T,-1,-1,-1,-1,0
20230108T,113,113,113,113,0
20230109T,91,91,91,91,0
20230110T,67,67,67,67,0
20230111T,75,75,75,75,0
20230112T,93,93,93,93,0
20230113T,117,117,117,117,0
20230114T,105,105,105,105,0
20230115T,7,7,7,7,0
20230116T,-31,-31,-31,-31,0
20230117T,-15,-15,-15,-15,0
20230118T,-105,-105,-105,-105,0
20230119T,105,105,105,105,0
20230120T,113,113,113,113,0
20230121T,-57,-57,-57,-57,0
20230122T,59,59,59,59,0
20230123T,61,61,61,61,0
20230124T,-95,-95,-95,-95,0
20230125T,111,111,111,111,0
20230126T,-5,-5,-5,-5,0
20230127T,75,75,75,75,0
20230128T,-55,-55,-55,-55,0
20230129T,105,105,105,105,0
20230130T,-103,-103,-103,-103,0
20230131T,105,105,105,105,0
20230201T,111,111,111,111,0
20230202T,-27,-27,-27,-27,0
20230203T,51,51,51,51,0
20230204T,-29,-29,-29,-29,0
20230205T,-91,-91,-91,-91,0
20230206T,-71,-71,-71,-71,0
20230207T,113,113,113,113,0
20230208T,-75,-75,-75,-75,0
20230209T,-89,-89,-89,-89,0
20230210T,11,11,11,11,0
20230211T,93,93,93,93,0
20230212T,-63,-63,-63,-63,0
20230213T,-71,-71,-71,-71,0
20230214T,101,101,101,101,0
20230215T,117,117,117,117,0
20230216T,-107,-107,-107,-107,0
20230217T,119,119,119,119,0
20230218T,33,33,33,33,0
20230219T,-21,-21,-21,-21,0
20230220T,89,89,89,89,0
20230221T,-67,-67,-67,-67,0
20230222T,-53,-53,-53,-53,0
20230223T,-31,-31,-31,-31,0
20230224T,-101,-101,-101,-101,0
20230225T,-61,-61,-61,-61,0
20230226T,101,101,101,101,0
20230227T,-69,-69,-69,-69,0
20230228T,-85,-85,-85,-85,0
20230301T,111,111,111,111,0
20230302T,-99,-99,-99,-99,0
20230303T,-99,-99,-99,-99,0
20230304T,-77,-77,-77,-77,0
20230305T,-97,-97,-97,-97,0
20230306T,15,15,15,15,0
20230307T,-71,-71,-71,-71,0
20230308T,-111,-111,-111,-111,0
20230309T,-117,-117,-117,-117,0
20230310T,1,1,1,1,0
20230311T,-111,-111,-111,-111,0
20230312T,119,119,119,119,0
20230313T,111,111,111,111,0
20230314T,91,91,91,91,0
20230315T,-101,-101,-101,-101,0
20230316T,95,95,95,95,0
20230317T,117,117,117,117,0
20230318T,-101,-101,-101,-101,0
20230319T,101,101,101,101,0
20230320T,-109,-109,-109,-109,0
20230321T,103,103,103,103,0
20230322T,-101,-101,-101,-101,0
20230323T,93,93,93,93,0
20230324T,-97,-97,-97,-97,0
20230325T,-71,-71,-71,-71,0
20230326T,107,107,107,107,0
20230327T,-105,-105,-105,-105,0
20230328T,113,113,113,113,0
20230329T,91,91,91,91,0
20230330T,-81,-81,-81,-81,0
20230331T,103,103,103,103,0
20230401T,7,7,7,7,0
20230402T,-89,-89,-89,-89,0
20230403T,1,1,1,1,0
20230404T,83,83,83,83,0
20230405T,59,59,59,59,0
20230406T,-71,-71,-71,-71,0
20230407T,-55,-55,-55,-55,0
20230408T,-63,-63,-63,-63,0
20230409T,57,57,57,57,0
20230410T,101,101,101,101,0
20230411T,-15,-15,-15,-15,0
20230412T,-45,-45,-45,-45,0
20230413T,111,111,111,111,0
20230414T,91,91,91,91,0
20230415T,11,11,11,11,0
20230416T,69,69,69,69,0
20230417T,-85,-85,-85,-85,0
20230418T,99,99,99,99,0
20230419T,-117,-117,-117,-117,0
20230420T,-99,-99,-99,-99,0
20230421T,-101,-101,-101,-101,0
20230422T,109,109,109,109,0
20230423T,-109,-109,-109,-109,0
20230424T,-37,-37,-37,-37,0
20230425T,91,91,91,91,0
20230426T,-75,-75,-75,-75,0
20230427T,87,87,87,87,0
20230428T,-47,-47,-47,-47,0
20230429T,49,49,49,49,0
20230430T,-93,-93,-93,-93,0
20230501T,-99,-99,-99,-99,0
20230502T,59,59,59,59,0
20230503T,65,65,65,65,0
20230504T,-83,-83,-83,-83,0
20230505T,83,83,83,83,0
20230506T,-105,-105,-105,-105,0
20230507T,-75,-75,-75,-75,0
20230508T,-109,-109,-109,-109,0
20230509T,15,15,15,15,0
20230510T,67,67,67,67,0
20230511T,-113,-113,-113,-113,0
20230512T,77,77,77,77,0
20230513T,-61,-61,-61,-61,0
20230514T,79,79,79,79,0
20230515T,49,49,49,49,0
20230516T,-3,-3,-3,-3,0
20230517T,79,79,79,79,0
20230518T,-99,-99,-99,-99,0
20230519T,11,11,11,11,0
20230520T,13,13,13,13,0
20230521T,-113,-113,-113,-113,0
20230522T,25,25,25,25,0
20230523T,85,85,85,85,0
20230524T,-107,-107,-107,-107,0
20230525T,-19,-19,-19,-19,0
20230526T,67,67,67,67,0
20230527T,85,85,85,85,0
20230528T,107,107,107,107,0
20230529T,-71,-71,-71,-71,0
20230530T,-9,-9,-9,-9,0
20230531T,-91,-91,-91,-91,0
20230601T,-39,-39,-39,-39,0
20230602T,111,111,111,111,0
20230603T,-37,-37,-37,-37,0
20230604T,3,3,3,3,0
20230605T,-113,-113,-113,-113,0
20230606T,105,105,105,105,0
20230607T,-115,-115,-115,-115,0
20230608T,45,45,45,45,0
20230609T,-45,-45,-45,-45,0
20230610T,-113,-113,-113,-113,0
20230611T,-3,-3,-3,-3,0
20230612T,3,3,3,3,0
20230613T,15,15,15,15,0
20230614T,-103,-103,-103,-103,0
20230615T,53,53,53,53,0
20230616T,87,87,87,87,0
20230617T,65,65,65,65,0
20230618T,-89,-89,-89,-89,0
20230619T,73,73,73,73,0
20230620T,113,113,113,113,0
20230621T,103,103,103,103,0
20230622T,-81,-81,-81,-81,0
20230623T,109,109,109,109,0
20230624T,-39,-39,-39,-39,0
20230625T,49,49,49,49,0
20230626T,-85,-85,-85,-85,0
20230627T,63,63,63,63,0
20230628T,-117,-117,-117,-117,0
20230629T,89,89,89,89,0
20230630T,105,105,105,105,0
20230701T,239,239,239,239,0
20230702T,51,51,51,51,0
20230703T,71,71,71,71,0
20230704T,-81,-81,-81,-81,0
20230705T,-109,-109,-109,-109,0
20230706T,-101,-101,-101,-101,0
20230707T,73,73,73,73,0
20230708T,-17,-17,-17,-17,0
20230709T,-65,-65,-65,-65,0
20230710T,25,25,25,25,0
20230711T,21,21,21,21,0
20230712T,-29,-29,-29,-29,0
20230713T,109,109,109,109,0
20230714T,-89,-89,-89,-89,0
20230715T,-5,-5,-5,-5,0
20230716T,-75,-75,-75,-75,0
20230717T,43,43,43,43,0
20230718T,-81,-81,-81,-81,0
20230719T,9,9,9,9,0
20230720T,-1,-1,-1,-1,0
20230721T,45,45,45,45,0
20230722T,-79,-79,-79,-79,0
20230723T,73,73,73,73,0
20230724T,-109,-109,-109,-109,0
20230725T,-25,-25,-25,-25,0
20230726T,55,55,55,55,0
20230727T,-27,-27,-27,-27,0
20230728T,73,73,73,73,0
20230729T,55,55,55,55,0
20230730T,-83,-83,-83,-83,0
20230731T,-65,-65,-65,-65,0
20230801T,75,75,75,75,0
20230802T,-115,-115,-115,-115,0
20230803T,-51,-51,-51,-51,0
20230804T,-41,-41,-41,-41,0
20230805T,15,15,15,15,0
20230806T,-15,-15,-15,-15,0
20230807T,-35,-35,-35,-35,0
20230808T,83,83,83,83,0
20230809T,-41,-41,-41,-41,0
20230810T,-43,-43,-43,-43,0
20230811T,-31,-31,-31,-31,0
20230812T,33,33,33,33,0
20230813T,-63,-63,-63,-63,0
20230814T,31,31,31,31,0
20230815T,-109,-109,-109,-109,0
20230816T,-111,-111,-111,-111,0
20230817T,-109,-109,-109,-109,0
20230818T,57,57,57,57,0
20230819T,87,87,87,87,0
20230820T,37,37,37,37,0
20230821T,-93,-93,-93,-93,0
20230822T,-43,-43,-43,-43,0
20230823T,105,105,105,105,0
20230824T,-91,-91,-91,-91,0
20230825T,-35,-35,-35,-35,0
20230826T,-31,-31,-31,-31,0
20230827T,43,43,43,43,0
20230828T,-21,-21,-21,-21,0
20230829T,115,115,115,115,0
20230830T,-95,-95,-95,-95,0
20230831T,-107,-107,-107,-107,0
20230901T,-79,-79,-79,-79,0
20230902T,23,23,23,23,0
20230903T,-7,-7,-7,-7,0
20230904T,-9,-9,-9,-9,0
20230905T,47,47,47,47,0
20230906T,3,3,3,3,0
20230907T,81,81,81,81,0
20230908T,-85,-85,-85,-85,0
20230909T,-31,-31,-31,-31,0
20230910T,-111,-111,-111,-111,0
20230911T,-93,-93,-93,-93,0
20230912T,63,63,63,63,0
20230913T,87,87,87,87,0
20230914T,63,63,63,63,0
20230915T,99,99,99,99,0
20230916T,9,9,9,9,0
20230917T,-87,-87,-87,-87,0
20230918T,71,71,71,71,0
20230919T,105,105,105,105,0
20230920T,-39,-39,-39,-39,0
20230921T,-95,-95,-95,-95,0
20230922T,47,47,47,47,0
20230923T,-1,-1,-1,-1,0
20230924T,-91,-91,-91,-91,0
20230925T,59,59,59,59,0
20230926T,-55,-55,-55,-55,0
20230927T,-21,-21,-21,-21,0
20230928T,93,93,93,93,0
20230929T,49,49,49,49,0
20230930T,31,31,31,31,0
20231001T,101,101,101,101,0
20231002T,105,105,105,105,0
20231003T,-73,-73,-73,-73,0
20231004T,-3,-3,-3,-3,0
20231005T,-89,-89,-89,-89,0
20231006T,99,99,99,99,0
20231007T,-43,-43,-43,-43,0
20231008T,-63,-63,-63,-63,0
20231009T,-107,-107,-107,-107,0
20231010T,-25,-25,-25,-25,0
20231011T,-57,-57,-57,-57,0
20231012T,-53,-53,-53,-53,0
20231013T,89,89,89,89,0
20231014T,47,47,47,47,0
20231015T,41,41,41,41,0
20231016T,87,87,87,87,0
20231017T,-75,-75,-75,-75,0
20231018T,-61,-61,-61,-61,0
20231019T,-21,-21,-21,-21,0
20231020T,107,107,107,107,0
20231021T,99,99,99,99,0
20231022T,65,65,65,65,0
20231023T,113,113,113,113,0
20231024T,23,23,23,23,0
20231025T,51,51,51,51,0
20231026T,-5,-5,-5,-5,0
20231027T,-53,-53,-53,-53,0
20231028T,83,83,83,83,0
20231029T,77,77,77,77,0
20231030T,47,47,47,47,0
20231031T,-51,-51,-51,-51,0
20231101T,95,95,95,95,0
20231102T,-59,-59,-59,-59,0
20231103T,21,21,21,21,0
20231104T,89,89,89,89,0
20231105T,49,49,49,49,0
20231106T,81,81,81,81,0
20231107T,-61,-61,-61,-61,0
20231108T,87,87,87,87,0
20231109T,-9,-9,-9,-9,0
20231110T,67,67,67,67,0
20231111T,-3,-3,-3,-3,0
20231112T,33,33,33,33,0
20231113T,-79,-79,-79,-79,0
20231114T,-43,-43,-43,-43,0
20231115T,115,115,115,115,0
20231116T,-99,-99,-99,-99,0
20231117T,9,9,9,9,0
20231118T,-25,-25,-25,-25,0
20231119T,93,93,93,93,0
20231120T,-55,-55,-55,-55,0
20231121T,-111,-111,-111,-111,0
20231122T,111,111,111,111,0
20231123T,-11,-11,-11,-11,0
20231124T,79,79,79,79,0
20231125T,65,65,65,65,0
20231126T,-69,-69,-69,-69,0
20231127T,-87,-87,-87,-87,0
20231128T,69,69,69,69,0
20231129T,-41,-41,-41,-41,0
20231130T,5,5,5,5,0
20231201T,85,85,85,85,0
20231202T,105,105,105,105,0
20231203T,-31,-31,-31,-31,0
20231204T,57,57,57,57,0
20231205T,37,37,37,37,0
20231206T,-59,-59,-59,-59,0
20231207T,71,71,71,71,0
20231208T,79,79,79,79,0
20231209T,-23,-23,-23,-23,0
20231210T,59,59,59,59,0
20231211T,-87,-87,-87,-87,0
20231212T,39,39,39,39,0
20231213T,71,71,71,71,0
20231214T,49,49,49,49,0
20231215T,-97,-97,-97,-97,0
20231216T,71,71,71,71,0
20231217T,-93,-93,-93,-93,0
20231218T,-13,-13,-13,-13,0
20231219T,-45,-45,-45,-45,0
20231220T,87,87,87,87,0
20231221T,71,71,71,71,0
20231222T,47,47,47,47,0
20231223T,-5,-5,-5,-5,0
20231224T,-29,-29,-29,-29,0
20231225T,81,81,81,81,0
20231226T,-37,-37,-37,-37,0
20231227T,35,35,35,35,0
20231228T,-69,-69,-69,-69,0
20231229T,-47,-47,-47,-47,0
20231230T,-29,-29,-29,-29,0
20231231T,-57,-57,-57,-57,0
20240101T,109,109,109,109,0
20240102T,-43,-43,-43,-43,0
20240103T,-85,-85,-85,-85,0
20240104T,87,87,87,87,0
20240105T,-85,-85,-85,-85,0
20240106T,-93,-93,-93,-93,0
20240107T,-93,-93,-93,-93,0
20240108T,103,103,103,103,0
20240109T,-77,-77,-77,-77,0
20240110T,111,111,111,111,0
20240111T,67,67,67,67,0
20240112T,-93,-93,-93,-93,0
20240113T,67,67,67,67,0
20240114T,-95,-95,-95,-95,0
20240115T,71,71,71,71,0
20240116T,65,65,65,65,0
20240117T,-75,-75,-75,-75,0
20240118T,-95,-95,-95,-95,0
20240119T,-13,-13,-13,-13,0
20240120T,5,5,5,5,0
20240121T,-59,-59,-59,-59,0
20240122T,-111,-111,-111,-111,0
20240123T,-21,-21,-21,-21,0
20240124T,67,67,67,67,0
20240125T,-61,-61,-61,-61,0
20240126T,107,107,107,107,0
20240127T,51,51,51,51,0
20240128T,-61,-61,-61,-61,0
20240129T,105,105,105,105,0
20240130T,-65,-65,-65,-65,0
20240131T,-103,-103,-103,-103,0
20240201T,45,45,45,45,0
20240202T,49,49,49,49,0
20240203T,-37,-37,-37,-37,0
20240204T,-75,-75,-75,-75,0
20240205T,19,19,19,19,0
20240206T,31,31,31,31,0
20240207T,89,89,89,89,0
20240208T,21,21,21,21,0
20240209T,109,109,109,109,0
20240210T,-13,-13,-13,-13,0
20240211T,-29,-29,-29,-29,0
20240212T,107,107,107,107,0
20240213T,-29,-29,-29,-29,0
20240214T,113,113,113,113,0
20240215T,25,25,25,25,0
20240216T,-25,-25,-25,-25,0
20240217T,-31,-31,-31,-31,0
20240218T,81,81,81,81,0
20240219T,29,29,29,29,0
20240220T,-57,-57,-57,-57,0
20240221T,-85,-85,-85,-85,0
20240222T,-13,-13,-13,-13,0
20240223T,-45,-45,-45,-45,0
20240224T,99,99,99,99,0
20240225T,19,19,19,19,0
20240226T,95,95,95,95,0
20240227T,11,11,11,11,0
20240228T,45,45,45,45,0
20240229T,-11,-11,-11,-11,0
20240301T,117,117,117,117,0
20240302T,47,47,47,47,0
20240303T,-33,-33,-33,-33,0
20240304T,3,3,3,3,0
20240305T,-77,-77,-77,-77,0
20240306T,93,93,93,93,0
